video_id,trending_date,title,channel_title,category_id,publish_time,tags,views,likes,dislikes,comment_count,comments_disabled,ratings_disabled,video_error_or_removed,description
TXTIMp7En-Q,18.14.06,ANTES DEL 3ER #DEBATEINE | AMLOSINTESIS | 1LLUM1N4T1 INICIACI√ìN 33¬∞ | ESPECTRO POL√çTICO DE M√âXICO,concienciaradio,25,2018-06-12T21:58:24.000Z,"alexander backman|""conciencia radio""|""concienciaradio""|""alex backman""|""radio conciencia""|""monica gahbler""|""debate 2018""|""debate presidencial""|""tercer debate presidencial 2018 mexico""|""sociedades secretas""|""amlo""|""bronco""|""epn""|""anaya""|""elecciones 2018""|""mexico""|""conferencia""|""alex backman junio 2018""",78139,3118,1226,1896,FALSE,FALSE,FALSE,"CONFERENCIA ESPECIAL ANTES DEL #3ERDEBATEPRESIDENCIAL CON #ALEXBACKMAN  donde se explora a la izquierda en M√©xico y sus nexos con las dictaduras comunistas, los candidatos y sus alianzas a las sociedades secretas.Conferencia 1llum1n4t1 K0nfirmed de Alex Backmanhttp://concienciaradio.com/illuminatiIm√°genes y ligas relacionadas1. El Verdadero Espectro Pol√≠tico de M√©xicohttp://concienciaradio.com/liderasco/EL%20VERDADERO%20ESPECTRO%20POLITICO%20DE%20MEXICO.jpg2. La iniciaci√≥n de un Mas√≥n de grado 33¬∞ (Liga pendiente... art√≠culo en tercera revisi√≥n )3. Infograf√≠a AMLOSINTESIShttp://concienciaradio.com/liderasco/amlosintesis-ab-2018-med.jpgInstala TELEGRAM en tu m√≥vil y b√∫scanos como 'crnoticias', e ingresa a la siguiente liga http://t.me/concienciaradio para recibir noticias de Conciencia Radio.P√°gina Oficial: concienciaradio.comCorreo: info@concienciaradio.com Facebook:  no participamos en esta Deep WebYoutube: youtube.com/concienciaradio Twitter: @concienciaradio | @crnalexanderEnv√≠a tus preguntas a #crpreguntasGracias por apoyar el periodismo independiente. Conciencia Radio y CR Noticias es patrocinado por quienes ven nuestros videos investigaciones y reportajes.****************************************************************NOTA: Algunas de las fuentes de la informaci√≥n consultadas para este u otros de los videos del Reporte Solar S√≠smico y Volc√°nico puede incluir datos de las siguientes fuentes que consultamos:Centro de Predicci√≥n de Clima Espacial de la NOAAhttps://www.swpc.noaa.gov NASAhttps://ccmc.gsfc.nasa.gov/iswa/SERVICIO SISMOL√ìGICO NACIONALhttp://SSN.unam.mx/sismicidad/ultimos/ CENTRO NACIONAL DE PREVENCI√ìN DE DESASTRES (CENAPRED)http://cenapred.unam.mx SPACEWEATHER.com DEL DR. TONY PHILLIPShttp://spaceweather.comSPACEWEATHERLIVE.comhttps://www.spaceweatherlive.com/ SPACEWEATHERNEWS.com http://spaceweathernews.com/ Quake Watch Prediction CenterDitrianum de Frank Hoogerbeetshttp://www.ditrianum.org/"
9E87FN1odi8,18.14.06,HIJAS DE LA LUNA CAP√çTULO FINAL PARTE 10,Dennis Fanny,23,2018-06-11T05:49:38.000Z,[none],37089,220,16,10,FALSE,FALSE,FALSE,
FrC6SJN5i6c,18.14.06,EEG El Gran Cl√°sico - 12/06/2018 - 2/5,EEG,24,2018-06-13T20:31:33.000Z,"esto es guerra|""esto es guerra completo""|""eeg""|""america television""|""las cobras""|""los leones""|""eeg competencia de verdad""|""esto es guerra competencia de verdad""|""eeg 2017""|""esto es guerra 2017""|""eeg peru""|""esto es guerra peru""|""competencia de verdad""|""nicola porcella""|""flavia laos""|""paloma fiuza""|""patricio parodi""|""angie arizaga""|""luis alonso bustios""|""america tv""|""americatv""|""esto es guerra xx xx xx""|""eeg xx xx xxeeg xx xx xx parte x""",32020,216,17,0,TRUE,FALSE,FALSE,Mira EEG El Gran Cl√°sico por Am√©rica tvgo.Suscr√≠bete al canal oficial de EEG: http://bit.ly/17QTn7wS√≠guenos en Facebook: http://on.fb.me/17XwfSNS√≠guenos en Twitter: http://bit.ly/TwitterEEGEntra al sitio oficial de America Televisi√≥n: http://bit.ly/17HJsAkMira los cap√≠tulos completos y la se√±al en vivo de Am√©rica Televisi√≥n: http://bit.ly/AmericaTvGOMira los cap√≠tulos completos: http://bit.ly/17QTn7wDale Me gusta a Am√©rica en Facebook: http://on.fb.me/1dmLCrtSigue a Am√©rica Televisi√≥n en Twitter: http://bit.ly/1a1CupZ
L6JFnZ5WabM,18.14.06,Top 5 candidatos que te dar√°n Pena Ajena l Tops Al Chile! - Elecciones 2018,Tops Al Chile!,24,2018-06-12T19:49:49.000Z,"candidatos presidenciales 2018|""candidatos presidenciales 2018 mexico""|""candidatos presidenciales""|""campechaneando""|""candidatos ala presidencia 2018""|""campa√±as electorales 2018""|""campa√±as electorales 2018 mexico""|""debate presidencial""|""debate presidencial 2018""",141734,5012,207,1294,FALSE,FALSE,FALSE,Facebook: https://www.facebook.com/topsalchile/ Twitter: https://twitter.com/topsalchile  Para contactos empresariales escribir a topsalchile@outlook.com
7tmRxLHB9eE,18.14.06,"Los Incre√≠bles 2, de Disney‚Ä¢Pixar - De vuelta en acci√≥n",Disney Studios LA,1,2018-06-13T18:10:08.000Z,"disney|""peliculas""|""avance""|""trailer""|""escena""|""exclusivo""|""clasico""|""dinsey""|""oficial""|""teaser""|""divertido""|""dibujitos""|""comiquitas""|""animacion""|""pelicula""|""film""|""walt""|""clip""|""HD""|""los incre√≠bles""|""los incre√≠bles 2""|""disney pixar""|""pixar los incre√≠bles""",46839,1853,25,62,FALSE,FALSE,FALSE,"Helen (voz original de Holly Hunter) es reclutada para ayudar a que los S√∫per vuelvan a la acci√≥n, mientras que Bob (voz original en ingl√©s de Craig T. Nelson) afronta la heroica rutina diaria de una vida ‚Äúnormal‚Äù en su hogar cuando un nuevo villano trama un plan brillante y peligroso que solo los Incre√≠bles podr√°n superar juntos.¬°Haz click en Suscribirse para ser el primero en ver los nuevos videos de Walt Disney Studios!Sitio Oficial: http://www.disneylatino.com/peliculasS√≠guenos en:Facebook: http://www.facebook.com/DisneyStudiosLATwitter: https://twitter.com/DisneyStudiosLAInstagram: https://www.instagram.com/DisneyStudiosLA/"
KifgGKKfkuU,18.14.06,1998 VS 2018,Smosh,23,2018-06-13T16:00:02.000Z,"1998|""2018""|""vs""|""1998 vs 2018""|""smosh vs""|""smosh vs 2018""|""smosh""|""2018 smosh""|""1998 vs 2018 smosh""|""90s""|""2008 vs 2018""|""old vs new""|""smosh old vs new""|""98""",946738,42150,1157,2865,FALSE,FALSE,FALSE,"Things sure have changed in the last 20 years! This is 1998 VS 2018!CASTIan HecoxNoah GrossmanKeith Leak Jr. Courtney MillerOlivia SuiShayne ToppCREWDirected & Produced by Ryan ToddWritten by Ian Hecox, Monica Vasandani, & Ryan FinnertySmosh Co-Founded by Ian Hecox & Anthony PadillaSmosh Creative Director: Luke BaratsDirector of Photography: Mitch AndersonEditor: Leonard WilkesSenior Producer: Alex HluchProducer: Kristina NikolicFirst Assistant Director: Tanner RisnerProduction Manager: Andy GarwigProduction Designer: Jade SpiersCamera: Brennan Iketani1st AC: Jameo DuncanGaffer: Trent TurnerKey Grip: Justin ThatcherSound Mixer: Greg JonesMakeup Artist: Rachel JenkinsCostume Designer: Lindsay HamiltonScript Supervisor: Talia BrahmsDIT: Walter HillProduction Assistant: Kristin SanchezArt Assist: Hope SteinmanArt Assist: Kianna BlivenAssistant Editor: Matthew DuranPost-Production Supervisor: Reed Brice"
KDWQQ47DDb8,18.14.06,Episodio #1441 Dolor por falta de voltage,MetabolismoTV,27,2018-06-13T14:00:02.000Z,"dolor|""bajo voltaje""|""microvoltios""|""agua""|""rayos infrarojos""|""hidr√≥xido""|""carga negativa""|""hironio""|""carga positiva""|""fermentaci√≥n""|""oxidaci√≥n""|""artritis""",19947,1241,21,160,FALSE,FALSE,FALSE,"En este episodio Frank nos invita a tomar el sol para levantar el voltaje de nuestras c√©lulas y as√≠ obtener m√°s energ√≠a. Para subscribirse a Metabolismo TV y recibir notificaciones de nuestros nuevos episodios s√≥lo haga click aqu√≠: https://www.youtube.com/channel/UC_TEDbtz_YrgWf6BoBXRX-w?sub_confirmation=1Subscribete a MetabolismoTV en Messenger para acceso a educaci√≥n exclusiva por Frank en el tema del metabolismo: http://pxlme.me/v2EcSQN1Para hacer su prueba de metabolismo gratis haga click aqu√≠: http://www.naturalslim.com/prueba-tu-metabolismo/Para ordenar el Libro El Poder del Metabolismo: https://www.amazon.com/El-Poder-del-Metabolismo-Ejemplares/dp/0988221810/Para ordenar el libro en uno de los pa√≠ses listados abajo contacte a trav√©s de http://www.naturalslim.com/ a su distribuidor local quien le ayudar√° a obtenerlo.Descubre tu metabolismo junto con el autor Frank Su√°rez, especialista en Obesidad y Metabolismo, y escritor del Best-Seller El Poder del Metabolismo, para que puedas adelgazar y mejorar tu salud.Para tener la ayuda de un consultor certificado en metabolismo en Estados Unidos llame al 1-888-348-7352 o directo 727-723-1600 o vis√≠tenos en www.RelaxSlim.com.En Puerto Rico llame 787-763-2527, en M√©xico (55) 5256-1368, en Panam√° +507 396-6000, en Costa Rica 2291-0914 y en Colombia al (57-1) 3599314. Para atenci√≥n personal en los pa√≠ses anteriores visite www.NaturalSlim.comSigue a Frank y MetabolismoTV en Facebook aqu√≠: https://www.facebook.com/MetabolismoTVEnviale un mensaje a Frank y al equipo de MetabolismoTV aqu√≠: https://www.messenger.com/t/MetabolismoTV"
sXD2KISlVro,18.14.06,Gregoria EN DIRECTO Mi√©rcoles,gregoria perez perez,22,2018-06-14T02:15:06.000Z,[none],18507,703,24,0,TRUE,FALSE,FALSE,
eS3WpAgTHrs,18.14.06,INCREIBLE! ESTO FUE LO QUE DIJO ROGER MARTINEZ DE JUGAR EN EL AMERICA!,Ricky Futbol,17,2018-06-13T20:33:36.000Z,"AMERICA 2018|""america fichajes""|""roger martinez al america""|""roger martinez""|""roger maritnez 2018""|""america fichajes bomba""|""america refuerzos 2018""|""america traspasos""|""america refuerzos bomba""|""america fichajes 2018""|""america noticias""|""america goles""|""america fc""|""america""",11159,48,6,30,FALSE,FALSE,FALSE,INCREIBLE! ESTO FUE LO QUE DIJO ROGER MARTINEZ DE JUGAR EN EL AMERICA!
TT5Fdj2zea4,18.14.06,"ESPA√ëA ECHA A LOPETEGUI | MADRID QUIERE SUSTITUIR A KEYLOR | MEXICO,EEUU Y CANADA TENDR√ÅN SU MUNDIAL",NilcoBax ‚Ñ¶,17,2018-06-13T15:14:00.000Z,"Cracks|""F√∫tbol""|""Futebol""|""Soccer""|""Goles""|""Golazos""|""Resumen""|""Noticias""|""Lionel Messi""|""Cristiano Ronaldo""|""La Liga""|""Barcelona""|""Real Madrid""|""Serie A""|""Bundesliga""|""Skills""|""Goals""|""canal cracks""|""manu""|""entrevista""|""fichajes""|""rumores""|""bar√ßa""|""craks""|""zidane""|""kante""|""griezmann""|""mundial""|""rusia""|""rusia 2018""|""real""|""mexico""|""messi""|""argentina""|""lopetegui""|""lopetegui madrid""|""madrid lopetegui""|""mexico mundial""|""partido""|""completo""|""partido completo""",181089,10341,176,536,FALSE,FALSE,FALSE,ESPA√ëA ECHA A LOPETEGUI | MADRID QUIERE SUSTITUIR A KEYLOR | CAMBIO: MORATA POR DONNARUMMA‚ñ∫UN LIKE SE AGRADECE MUCHISSIMO‚ñ∫CANAL DE GAMEPLAYS : https://www.youtube.com/channel/UCuchfv5B_QqLOemN4WI-9QwMI INSTAGRAM: https://www.instagram.com/nilcobaxEl facebook del canal! https://www.facebook.com/NilcobaxTWITTER DEL CANAL : https://twitter.com/NilcobaxMANDOSAC TU MANDO PERSONALIZADO! : http://www.scuffartistcontrollers.com*MIS MEJORES TOPS** PEORES ERRORES DE PENALTI* https://youtu.be/h24zXurLm-8*TIROS LIBES CON EFECTO* https://youtu.be/US_iUBv2n_U*10 ERRORES DEL FUTBOL* https://youtu.be/LiZC2eroFro*LOS 5 PEORES CASOS DE FUTBOLISTAS QUE FUERON SUSPENDIDOS DE POR VIDA* https://youtu.be/-cSY1LHiucc*LOS 5 PEORES TIROS LIBRES* https://youtu.be/kqBL9QlG_RYESPA√ëA ECHA A LOPETEGUI | MADRID QUIERE SUSTITUIR A KEYLOR | CAMBIO: MORATA POR DONNARUMMA
iFItPMcJRDo,18.14.06,No me digas - Episodio 37 - H√°bitos:Ni√±o Vs Adulto,Franco Escamilla,23,2018-06-13T13:05:53.000Z,"La|""mesa""|""re√±o√±a""|""Franco""|""Escamilla""|""Comedia""|""Diablo""|""Squad""|""noticias""",51717,2024,94,292,FALSE,FALSE,FALSE,Recuerda descargar la aplicaci√≥n oficial de Franco EscamillaPara iOS                   https://goo.gl/jXQoeEPara Google Play   https://goo.gl/3T6vvUhttps://www.francoescamillaoficial.comhttps://www.facebook.com/francoescaoficialhttps://twitter.com/franco_esca
UVxE_MM94tA,18.14.06,Trump Met With Kim Jong Un... Now What?,The Late Show with Stephen Colbert,24,2018-06-13T03:55:01.000Z,"The Late Show|""Late Show""|""Stephen Colbert""|""Steven Colbert""|""Colbert""|""celebrity""|""celeb""|""celebrities""|""late night""|""talk show""|""comedian""|""comedy""|""CBS""|""joke""|""jokes""|""funny""|""funny video""|""funny videos""|""humor""|""hollywood""|""famous""|""Intro Monologue""|""Politics""|""Nonrecurring""|""Topical""",1582738,19856,1957,4009,FALSE,FALSE,FALSE,"Donald Trump sees a bright future for Kim Jong-un and North Korea... in hotel real estate.Subscribe To The Late Show Channel HERE: http://bit.ly/ColbertYouTubeFor more content from The Late Show with Stephen Colbert, click HERE: http://bit.ly/1AKISnRWatch full episodes of The Late Show HERE: http://bit.ly/1Puei40Like The Late Show on Facebook HERE: http://on.fb.me/1df139YFollow The Late Show on Twitter HERE: http://bit.ly/1dMzZzGFollow The Late Show on Google+ HERE: http://bit.ly/1JlGgzwFollow The Late Show on Instagram HERE: http://bit.ly/29wfREjFollow The Late Show on Tumblr HERE: http://bit.ly/29DVvtRWatch The Late Show with Stephen Colbert weeknights at 11:35 PM ET/10:35 PM CT. Only on CBS.Get the CBS app for iPhone & iPad! Click HERE: http://bit.ly/12rLxgeGet new episodes of shows you love across devices the next day, stream live TV, and watch full seasons of CBS fan favorites anytime, anywhere with CBS All Access. Try it free! http://bit.ly/1OQA29B---The Late Show with Stephen Colbert is the premier late night talk show on CBS, airing at 11:35pm EST, streaming online via CBS All Access, and delivered to the International Space Station on a USB drive taped to a weather balloon. Every night, viewers can expect: Comedy, humor, funny moments, witty interviews, celebrities, famous people, movie stars, bits, humorous celebrities doing bits, funny celebs, big group photos of every star from Hollywood, even the reclusive ones, plus also jokes."
UTN0tWrYGrw,18.14.06,CMLL INFORMA 13 DE JUNIO  DE 2018,VideosOficialesCMLL,17,2018-06-13T23:57:44.000Z,"CMLL|""ARENA MEXICO""|""LUCHA LIBRE""|""CMLL INFORMA""",31581,453,25,44,FALSE,FALSE,FALSE,LA VOZ OFICIAL DEL CONSEJO MUNDIAL DE LUCHA LIBREPRESENTA:LAS NUEVAS DIOSAS DEL RING;  ADEMAS AMAPOLA - DALYS - SEDUCTORA - REYNA ISIS; CAMPEONES NACIONALES DE TRIOS; PRESENTACION DE CIBERNETICO; REGRESO DE DRAGON LEE
F-oNmO2diVE,18.14.06,AMLO HUMILL√ì A ANAYA Y A MEADE [TERCER DEBATE],ORJuanAlejandro - YouTube,24,2018-06-13T05:49:18.000Z,"Tercer debate|""AMLO""|""ANAYA""|""MEADE""|""BRONCO""|""2018""|""INE""|""PRESIDENCIAL""|""L√ìPEZ OBRADOR""",26385,414,18,71,FALSE,FALSE,FALSE,"AMLO en pocos segundos, destroz√≥ a los candidatos Anaya y Meade.Suscr√≠bete al canal."
hQ5StXdNWhg,18.14.06,ORACION DE LA MA√ëANA PARA TENER EXITO Y PROSPERIDAD EN TODO LO QUE EMPRENDAS  - ORACION CON LETRA,En las Manos del Maestro,22,2018-06-13T11:32:04.000Z,"Reflexiones cristianas|""reflexiones de la vida""|""Oraci√≥n de la ma√±ana""|""oraci√≥n para comenzar el dia""|""oracion para empezar el dia""|""oracion para iniciar el d√≠a""|""oraci√≥n de madrugada""|""oracion de poder para empezar el dia""|""oraci√≥n de prosperidad""|""oracion para pedirle a Dios""|""Oraciones Catolicas""|""oraciones cristianas""|""oracion de la manana""|""oracion para comenzar el d√≠a""|""oraci√≥n para empezar tu dia""|""oraci√≥n para encomendar el dia a Dios""",47842,3760,69,320,FALSE,FALSE,FALSE,"Haz esta oraci√≥n en la ma√±ana al iniciar el d√≠a para que tengas un d√≠a lleno de la prosperidad y el √©xito de Dios en tu vida. A veces se entiende prosperidad √∫nicamente como tranquilidad econ√≥mica y buenas cifras bancarias. claro, es importante poder cubrir las necesidades b√°sicas y gozar de una sana econom√≠a, pero all√≠ no radican la alegr√≠a y la abundancia. De nada vale tener muchas posesiones si estamos enfermos, por ejemplo, o si tenemos mala relaci√≥n con las personas que nos rodean. Para m√≠, la prosperidad verdadera es la realizaci√≥n integral del ser humano. Es tener la capacidad de disfrutar la vida plenamente y sentir que todas las √°reas de la vida est√°n en armon√≠a y fluyendo. Ser pr√≥speros es saber que estamos logrando los objetivos que nos hemos planteado, gozar de relaciones buenas y constructivas, trascender nuestras limitaciones y hacer buen uso de nuestras destrezas y fortalezas. En esta oraci√≥n p√≠dele a Dios por ese tipo de prosperidad integral: salud, bendiciones, posibilidades financieras, buenas relaciones familiares y todo lo que un ser humano requiere para sentirse contento. No son palabras m√°gicas que hagan que las oportunidades caigan del cielo, pero s√≠ act√∫an como medio para que Dios te d√© la fuerza en el coraz√≥n y la claridad mental para tomar buenas decisiones, firmeza en el pulso para que el tim√≥n de la vida no se tuerza y compasi√≥n para encontrar soluciones consensuadas en tus relaciones. Estoy seguro que esta reflexi√≥n y oraci√≥n  te ayudar√°n a sentirte mejor, te impulsar√°n en tus batallas y te abrir√°n caminos que te realicen como un buen ser humano y un mejor creyente. Ponle  la mejor actitud a la vida y ver√°s que pronto conectar√°s con el poder de Dios en tu coraz√≥n y empezar√°s a ver la vida de forma m√°s optimista. Suplica la ayuda de Dios y mu√©strate dispuesto a dar lo mejor de ti para alcanzar las metas so√±adas. Dios est√° contigo y quiere que seas pr√≥spero. No olvides que de todo salimos vencedores por aquel que nos am√≥ (Romanos 8,37 y que Dios siempre pelea en tu favor (Exodo 14,14)  ="
NOcJ6L6cFyo,18.14.06,Best ‚òÖ GOLDEN BUZZERS ‚òÖ 2018 | America's Got Talent 2018 | Britain's Got Talent 2018,MusicTalentNow,24,2018-06-13T20:27:35.000Z,"Best GOLDEN BUZZERS 2018|""golden buzzer 2018""|""golden buzzers 2018""|""golden buzzers on america's got talent""|""golden buzzers on america's got talent 2018""|""golden buzzers singers""|""golden buzzers agt""|""golden buzzer americas got talent 2018""|""best golden buzzers""|""golden buzzers 2018 agt""|""golden buzzers 2018 bgt""|""golden buzzers 2018 america""|""golden buzzers 2018 britain's got talent""|""america's got talent 2018""|""america's got talent""|""britain's got talent 2018""|""britain's got talent""",114264,1430,93,119,FALSE,FALSE,FALSE,‚ñ∫ CLICK HERE to Learn How To SingTips To Improve Your Singing Voice ‚ñ∫ http://MusicTalentNow.com/Learn-To-Sing ‚óÑ‚ô•  Please Follow Me On Twitter ‚ô• http://bit.ly/Twitter_MusicTalentNow ‚ô• Love You ‚ô•Best GOLDEN BUZZERS 2018 | America's Got Talent 2018 | Britain's Got Talent 2018
e1OaQtzSoDw,18.14.06,Sin Senos Si Hay Para√≠so 3 | Cap√≠tulo 1 | Telemundo,Telemundo,24,2018-06-13T06:23:03.000Z,"Sin Senos S√≠ Hay Para√≠so 3|""Primer Cap√≠tulo""|""Cap√≠tulo 1""|""Telemundo""|""Carmen Villalobos""|""Fabi√°n R√≠os""|""Catherine Siachoque""|""Majida Issa""|""Carolina Gait√°n""|""Johanna Fadul""|""Gregorio Pern√≠a""|""Juan Pablo Urrego.""|""Cap√≠tulo 1: Catalina gana el reinado""|""Telemundo Novelas""|""Telemundo English""|""sin senos s√≠ hay para√≠so""|""fabi√°n rios""|""fabian rios""|""sin senos no hay paraiso""|""majida issa .""|""capitulos completos""|""juan pablo urrego""|""juan pablo llano""",501195,4349,324,179,FALSE,FALSE,FALSE,"Full Episode:http://www.telemundo.com/series-y-novelas/2018/06/12/sin-senos-si-hay-paraiso-3-capitulo-1-catalina-gana-el-reinadoVideo oficial de Telemundo Sin Senos Si Hay Para√≠so 3. Al ser derrotada, Daniela no soporta que su enemiga, sea la m√°s bella de la regi√≥n. Estalla de furia y termina cort√°ndose las venas.SUBSCRIBETE: http://bit.ly/1DDw9DRSin Senos Si Hay Para√≠so 2Catalina La Grande, a quien todos daban por muerta, regres√≥. Apoyada por agentes encubiertos, consiguio capturar y extraditar a La Diabla a los Estados Unidos. Pero La Diabla logra evadir las autoridades y huye a Colombia. Una vez amigas inseparables, ahora, Catalina y La Diabla se enfrentan como enemigas mortales. SUBSCRIBETE: http://bit.ly/11evqY8TelemundoEs una divisi√≥n de Empresas y Contenido Hispano de NBCUniversal, liderando la industria en la producci√≥n y distribuci√≥n de contenido en espa√±ol de alta calidad a trav√©s de m√∫ltiples plataformas para los hispanos en los EEUU y a audiencias alrededor del mundo. Ofrece producciones originales, pel√≠culas de cine, noticias y eventos deportivos de primera categor√≠a y es el proveedor de contenido en espa√±ol n√∫mero dos mundialmente sindicando contenido a m√°s de 100 pa√≠ses en m√°s de 35 idiomas.FOLLOW US IN TWITTER: http://bit.ly/1vl4zqpLIKE US IN FACEBOOK: http://on.fb.me/1EWlDolGOOGLE+: http://bit.ly/1xR1rlISin Senos Si Hay Para√≠so 3 | Cap√≠tulo 1 | Telemundowww.youtube.com/user/telemundotv"
KYIjukRelb8,18.14.06,"üî¥üî¥FAMOSA ESTA HARTA DE TELEVISA Y COQUETEA CON AZTECA,  ENTREVISTA CON ACTOR DE TELENOVELASüî¥üî¥",Alejandro Z√∫√±iga EN VIVO,24,2018-06-13T22:53:18.000Z,[none],13236,215,45,51,FALSE,FALSE,FALSE,1   Hablemos del comentarista deportivo 2    El Coque 3    Rumores del Programa Hoy 4    El final de la serie sera impactante  5    Kate del Castillo y Luis Miguel s6    Paulina y Thalia 7    Lucero y Maxine Woodside r8    Rebeca Jones  9    Marjorie de Sousa 10   V√≠ctor Trujillo 11   Consuelo Duval 12   Porque Televisa anuncia novela de Azteca 13   Cantante nos presenta a su hija 14   Entrevista con Juan Vidal 15   Ya se saben los jueces de Reality Show16   Lupillo Rivera17   Paulina con super show18   Reclaman audiencias19    Conductora sigue viajando20    Programa de Televisa ser√° copia de un programa argentino 21    Entrevista con Juan Vidal hablando Parte 2 22    Quieren regresar Vida TV  23   Se confirma noviazgo de  famosos24  Famosa de Televisa coquetea con Azteca
ohO_3RcXc_M,18.14.06,Boda Sin Travesti üò©üèÉ‚Äç‚ôÇÔ∏èüëØ | Caso Cerrado | Telemundo,Caso Cerrado,24,2018-06-12T23:00:02.000Z,"Telemundo|""doctora ana maria polo""|""batallas legales""|""programas completos""|""caso cerrado""|""Boda Sin Travesti""|""caso cerrado capitulos completos""|""caso cerrado nuevos capitulos completos""|""dra. polo""|""caso cerrado chistosos""|""ana mar√≠a polo""|""caso cerrado estelar""|""caso cerrado controversial""|""caso serrado""|""lo mejor de caso cerrado""|""caso cerrado completo""|""full episode""|""jueza polo""|""doctora polo""|""caso cerrado (tv program)""|""drama familiar""|""caso cerrado familia""|""dra. ana maria polo""",185263,1515,219,364,FALSE,FALSE,FALSE,"Video oficial del controvertido programa de Telemundo Caso Cerrado. Santiago le exige a su esposa Adriana que su suegro se vista como hombre para asistir a la boda. Ella alega que su padre siempre fue travesti y as√≠ lo quiere en la boda.Boda Sin Travesti | Caso Cerrado | TelemundoPara ver los cap√≠tulos completos visita: http://www.telemundo.com/CasoCerradoFacebook: http://www.facebook.com/casocerradotelemundoTwitter: http://twitter.com/#!/CasoCerradoTVSUBSCRIBETE: http://bit.ly/1DDw9DRCaso Cerrado:Caso Cerrado es conducido por la querida Doctora en leyes Cubana-Americana Ana Mar√≠a Polo. Este programa presenta casos conflictivos y conmovedores entre participantes en litigio, vas a sentirte identificado, querr√°s tomar partido y ser testigo de la soluci√≥n y decisi√≥n basadas en la verdad y en las evidencias.SUBSCRIBETE: http://bit.ly/11evqY8TelemundoEs una divisi√≥n de Empresas y Contenido Hispano de NBCUniversal, liderando la industria en la producci√≥n y distribuci√≥n de contenido en espa√±ol de alta calidad a trav√©s de m√∫ltiples plataformas para los hispanos en los EEUU y a audiencias alrededor del mundo. Ofrece producciones originales, pel√≠culas de cine, noticias y eventos deportivos de primera categor√≠a y es el proveedor de contenido en espa√±ol n√∫mero dos mundialmente sindicando contenido a m√°s de 100 pa√≠ses en m√°s de 35 idiomas.SIGUENOS EN TWITTER: http://bit.ly/1vl4zqpDANOS LIKE EN FACEBOOK: http://on.fb.me/1EWlDolGOOGLE+: http://bit.ly/1xR1rlIBoda Sin Travesti üò©üèÉ‚Äç‚ôÇÔ∏èüëØ | Caso Cerrado | Telemundo"
cHlzOeiJJQQ,18.14.06,ÿ£ŸÇŸàŸâ ŸÖÿ¥ÿßŸáÿØ ŸÇŸäÿßÿØÿ© ÿ™ÿ≠ÿ®ÿ≥ ÿßŸÑÿ£ŸÜŸÅÿßÿ≥ ÿµŸàÿ±ÿ™Ÿáÿß ÿπÿØÿ≥ÿßÿ™ ÿßŸÑŸÉÿßŸÖŸäÿ±ÿß ! ÿ£ŸÉÿ´ÿ± ÿ∑ÿ±ŸÇ ÿµÿπŸàÿ®ÿ© ŸÅŸä ÿßŸÑÿπÿßŸÑŸÖ !!,BLA BLA,27,2018-05-31T10:00:09.000Z,[none],4829416,20084,4796,1221,FALSE,FALSE,FALSE,ÿ£ŸÇŸàŸâ ŸÖÿ¥ÿßŸáÿØ ŸÇŸäÿßÿØÿ© ÿ™ÿ≠ÿ®ÿ≥ ÿßŸÑÿ£ŸÜŸÅÿßÿ≥ ÿµŸàÿ±ÿ™Ÿáÿß ÿπÿØÿ≥ÿßÿ™ ÿßŸÑŸÉÿßŸÖŸäÿ±ÿß ÿ£ŸÉÿ´ÿ± ÿ∑ÿ±ŸÇ ÿµÿπŸàÿ®ÿ© ŸÅŸä ÿßŸÑÿπÿßŸÑŸÖÿßÿ¥ÿ™ÿ±ŸÉ ŸÅŸä ÿßŸÑŸÇŸÜÿßÿ© ŸÑŸäÿµŸÑŸÉ ŸÉŸÑ ÿ¨ÿØŸäÿØ : https://goo.gl/FNJ8BcÿµŸÅÿ≠ÿ© ÿßŸÑŸÇŸÜÿßÿ© ÿπŸÑŸâ ÿßŸÑŸÅÿßŸäÿ≥ÿ®ŸàŸÉ:   https://goo.gl/4JptdF----------------------------music by :Kevin MacLeod incompetech.com
r63VBOagGAo,18.14.06,Shawn Mendes x Portugal (FPF Official World Cup Song),FPFutebolOficial,17,2018-06-13T13:11:56.000Z,"Canal|""Oficial""|""da""|""Federa√ß√£o""|""Portuguesa""|""de""|""Futebol""|""Sele√ß√£o""|""shawn mendes""|""portugal""|""cristiano ronaldo""|""in my blood""|""world cup""|""fifa""|""euro""|""official song""|""universal""|""music""|""romantic""|""playlist""|""summer 2018 playlist""|""world cup 18""|""uefa""|""champions league""|""ronaldo""|""quaresma""|""pepe""|""bernardo silva""|""joao mario""|""rui patricio""|""fernando santos""|""fpf""",653114,65639,547,3826,FALSE,FALSE,FALSE,"Portugal's Football Team Official SongLyrics: Help meIt‚Äôs like the walls are caving inSometimes I feel like giving upBut I just can‚ÄôtIt isn‚Äôt in my bloodLaying on the bathroom floorFeeling nothingOverwhelmed and insecureGive me somethingI can take to ease my mind, slowly..√â um sonho que trago comigo Se acreditares sonho contigoKeep telling me that it gets betterDoes it ever?Help meIt‚Äôs like the walls are caving inSometimes I feel like giving upNo medicine is strong enoughSomeone help meI‚Äôm crawling in my skinSometimes I feel like giving upBut I just can‚ÄôtIt isn‚Äôt in my bloodEu vou acreditar! Looking through my phone againFeeling anxiousAfraid to be alone againI hate thisTrying to find a way to chillCan‚Äôt breathe, noIs there somebody who can help meIt‚Äôs like the walls are caving in Sometimes I feel like giving upNo medicine is strong enoughSomeone help meI‚Äôm crawling in my skinSometimes I feel like giving upBut I just can‚ÄôtIt isn‚Äôt in my bloodEu vou acreditar!  Que vamos conseguir Que vamos conquistar N√≥s somos Portugal Uma s√≥ voz E um cora√ß√£o! Help meIt‚Äôs like the walls are caving inSometimes I feel like giving upBut I just can‚ÄôtIt isn‚Äôt in my bloodEu vou acreditar! It isn‚Äôt in my bloodQue vamos conquistar N√≥s somos Portugal Uma s√≥ voz E um cora√ß√£o! It isn‚Äôt in my blood--WWW.CONQUISTAOSONHO.COMNo relvado, na tua vida, sonha em grande. #ConquistaOSonhoConhece toda a experi√™ncia em www.conquistaosonho.comOn the pitch, in your life, dream big. #ConquerYourDreamFind out more at www.conqueryourdream.net--Facebook: https://www.facebook.com/PORTUGAL/Instagram: https://www.instagram.com/portugal/Twitter: https://twitter.com/selecaoportugalT-shirts Collection: https://bit.ly/2JuGETdPortugal Official Kits: https://portugalstore.fpf.pt/pt--"
i7r_kMbyngk,18.14.06,AMLO lleg√≥ con su esposa al Tercer Debate en M√©rida,AMX,25,2018-06-13T01:15:08.000Z,"AMLO|""morena""|""pol√≠tica""|""PRI""|""PAN""|""PRD""|""L√≥pez Obrador""",121674,3558,58,491,FALSE,FALSE,FALSE,AMLO lleg√≥ con su esposa al Tercer Debate en M√©ridaFacebook: https://www.facebook.com/NoticiaMx/ Twitter: https://twitter.com/saotikomxhttp://www.noticiamx.com/
_jnwjdMe3Zo,18.14.06,Maire usa una blusa kawaiii ¬øadorable o rid√≠cula?,Historias Wink,24,2018-06-13T15:08:53.000Z,"maire|""maire vs el internet""|""maire vs internet""|""maire wink""|""maire_wink""|""kawaii""|""alice in wonderland""|""ropa de disney""|""Alicia en el pa√≠s de las maravillas""|""tercer debate""|""debate presidencial""",14067,538,6,90,FALSE,FALSE,FALSE,"Maire usa una blusa kawaii de Alicia en el pa√≠s de las maravillas, pregunta a sus beb√©s si se ve adorable o rid√≠cula. Escenas del debate."
pAH9omNAWA4,18.14.06,La Jefa del Campe√≥n - Cap√≠tulo 2 Parte 3/4,Tele Time,22,2018-06-13T02:22:33.000Z,[none],22898,94,11,3,FALSE,FALSE,FALSE,
dj5Z4jTE3-c,18.14.06,¬øPOR QU√â SHANKS ES TAN RESPETADO POR TODOS EN ONE PIECE? | ¬øES RAYLEIGH T√çO DE LUFFY? | OP PYR 104,GolD Nakama,24,2018-06-13T19:01:52.000Z,[none],108936,5398,148,993,FALSE,FALSE,FALSE,"Hoy os traigo el preguntas y respuestas 104 de One Piece, ¬°disfrutadlo! ;)Lista de reproducci√≥n: https://www.youtube.com/playlist?list=PLjdBsZncdzYUxi1_vaNgP2iIEpHg1SzE0Twitter: https://twitter.com/GolDNakamaLa falta de respeto tanto a m√≠ como a cualquier otro y el SPAM son razones de bloqueo en mi canal.Copyright Disclaimer Under Section 107 of the Copyright Act 1976, allowance is made for fair use for purposes such as criticism, comment, news reporting, teaching, scholarship, and research. Fair use is a use permitted by copyright statute that might otherwise be infringing. Non-profit, educational or personal use tips the balance in favor of fair use"
